376,J0001+1914,01:08.6,+19:14:33.0000
377,J0001-1551,01:05.3,-15:51:07.0000
378,J0003+2129,03:19.3,+21:29:44.0000
379,J0004+2019,04:35.8,+20:19:42.0100
380,J0004+4615,04:16.1,+46:15:18.0000
381,J0004-1148,04:04.9,-11:48:58.0000
382,J0005+0524,05:20.2,+05:24:10.0000
383,J0005+3820,05:57.2,+38:20:14.9900
384,J0005-1648,05:17.9,-16:48:04.0000
385,J0006+2422,06:48.8,+24:22:36.0000
386,J0006-0623,06:13.9,-06:23:35.0000
387,J0009+0628,09:03.9,+06:28:21.2000
388,J0010+1058,10:31.0,+10:58:29.0000
389,J0010+1724,10:34.0,+17:24:18.0000
390,J0010+2047,10:28.7,+20:47:49.0000
391,J0011+0057,11:30.4,+00:57:51.0000
392,J0012+3353,12:47.4,+33:53:38.0100
393,J0013+1910,13:56.4,+19:10:41.0000
394,J0013-0423,13:54.1,-04:23:52.0000
395,J0013-1513,13:20.7,-15:13:47.0000
396,J0015-1812,15:02.5,-18:12:50.0000
397,J0016-0015,16:11.1,-00:15:12.0000
398,J0017+8135,17:08.5,+81:35:08.0000
399,J0017-0512,17:35.8,-05:12:41.0000
400,J0019+2021,19:37.9,+20:21:45.0000
401,J0019+2602,19:39.8,+26:02:52.0000
402,J0019+7327,19:45.8,+73:27:29.9800
403,J0022+0608,22:32.4,+06:08:04.0000
404,J0022+4525,22:06.6,+45:25:33.0000
405,J0023+4456,23:35.4,+44:56:35.0100
406,J0024+2439,24:27.3,+24:39:26.0000
407,J0027+2241,27:15.4,+22:41:58.0000
408,J0028+2408,28:34.2,+24:08:08.0000
409,J0029+0554,29:45.9,+05:54:40.0000
410,J0035-1305,35:47.8,-13:05:11.0000
411,J0037+0808,37:32.2,+08:08:13.0000
412,J0037+1109,37:26.0,+11:09:50.0000
413,J0037+2141,37:23.5,+21:41:53.0000
414,J0038+1227,38:18.0,+12:27:31.2000
415,J0038+1856,38:28.9,+18:56:17.0000
416,J0038+4137,38:24.8,+41:37:05.9900
417,J0038-0329,38:20.8,-03:29:59.0000
418,J0039+1411,39:39.6,+14:11:57.0000
419,J0040-0146,40:57.6,-01:46:32.0000
420,J0042+1009,42:44.4,+10:09:49.0000
421,J0042+2320,42:04.6,+23:20:01.0000
422,J0046+3900,46:47.6,+39:00:46.9900
423,J0047+2435,47:43.9,+24:35:16.0000
424,J0048+3157,48:47.1,+31:57:25.0000
425,J0049+0237,49:43.2,+02:37:03.0000
426,J0049+5128,49:38.0,+51:28:13.0100
427,J0050-0452,50:21.5,-04:52:20.0000
428,J0050-0929,50:41.3,-09:29:05.0000
429,J0051-0650,51:08.2,-06:50:02.0000
430,J0052+4402,52:27.8,+44:02:54.0000
431,J0056+1625,56:55.3,+16:25:13.0000
432,J0057+2218,57:33.3,+22:18:41.0000
433,J0057+3021,57:48.9,+30:21:08.0000
434,J0058+0620,58:33.8,+06:20:06.0000
435,J0100+3345,00:38.3,+33:45:06.0000
436,J0101+0605,01:14.7,+06:05:44.5000
437,J0102+4214,02:27.1,+42:14:18.9940
438,J0105+4819,05:49.9,+48:19:02.9900
439,J0106+1300,06:33.4,+13:00:02.0000
440,J0106+2539,06:11.0,+25:39:30.0000
441,J0106+3402,06:00.3,+34:02:02.9900
442,J0106-0315,06:42.6,-03:15:19.0000
443,J0107+2611,07:47.9,+26:11:08.0000
444,J0108+0135,08:38.8,+01:35:00.0000
445,J0109+1816,09:08.2,+18:16:07.4970
446,J0110-0415,10:30.3,-04:15:14.0000
447,J0110-0741,10:50.0,-07:41:41.0000
448,J0111+3906,11:37.3,+39:06:28.0000
449,J0111-1317,11:56.9,-13:17:01.0000
450,J0112+2244,12:05.8,+22:44:38.0000
451,J0112+3208,12:50.3,+32:08:17.5980
452,J0112+3522,12:12.9,+35:22:19.0000
453,J0113+0222,13:43.1,+02:22:17.0000
454,J0113+1324,13:54.5,+13:24:52.5000
455,J0113+4948,13:27.0,+49:48:24.0000
456,J0115+1324,15:11.1,+13:24:46.3990
457,J0115-0127,15:17.1,-01:27:04.0000
458,J0116+2422,16:38.1,+24:22:53.0000
459,J0116-1136,16:12.5,-11:36:15.0000
460,J0117+1418,17:25.2,+14:18:12.0000
461,J0121+0422,21:56.8,+04:22:27.0000
462,J0121+1127,21:29.0,+11:27:00.0000
463,J0121+1149,21:41.6,+11:49:50.0000
464,J0122+2502,22:38.8,+25:02:31.0000
465,J0123+2615,23:43.0,+26:15:22.0000
466,J0124+2805,24:55.9,+28:05:11.0000
467,J0125-0005,25:28.8,-00:05:56.0000
468,J0126+2559,26:42.8,+25:59:01.0000
469,J0127-0821,27:16.3,-08:21:29.0000
470,J0128+4901,28:08.1,+49:01:06.0000
471,J0130+0842,30:27.6,+08:42:46.0000
472,J0131+3834,31:26.7,+38:34:39.0000
473,J0132+4325,32:44.1,+43:25:32.0000
474,J0132-1654,32:43.5,-16:54:48.0000
475,J0136+4751,36:58.6,+47:51:29.0000
476,J0137+3122,37:08.7,+31:22:35.0000
477,J0140-1532,40:04.4,-15:32:55.0000
478,J0141-0202,41:33.8,-02:02:21.0000
479,J0141-0928,41:25.8,-09:28:43.0000
480,J0143+4129,43:03.2,+41:29:20.0000
481,J0148+3854,48:24.4,+38:54:05.0000
482,J0148+4215,48:44.6,+42:15:19.0100
483,J0149+0555,49:22.4,+05:55:53.0000
484,J0149+1857,49:49.7,+18:57:20.0000
485,J0151+2744,51:27.1,+27:44:41.0000
486,J0151-1732,51:06.1,-17:32:44.0000
487,J0152+2207,52:18.1,+22:07:07.0000
488,J0154+4743,54:56.3,+47:43:26.0000
489,J0155+2230,55:58.9,+22:30:11.0000
490,J0200-1356,00:58.3,-13:56:18.0000
491,J0200-1542,00:51.1,-15:42:36.0000
492,J0202+3943,02:01.7,+39:43:21.0000
493,J0202+4205,02:43.6,+42:05:15.9900
494,J0202-0559,02:06.9,-05:59:00.0000
495,J0202-1948,02:13.8,-19:48:19.0000
496,J0203+1134,03:46.7,+11:34:45.0000
497,J0203+7232,03:33.4,+72:32:53.0100
498,J0204+1514,04:50.4,+15:14:11.0000
499,J0204+4005,04:05.2,+40:05:02.9900
500,J0204-1701,04:57.7,-17:01:19.0000
501,J0205+3212,05:04.9,+32:12:30.0100
502,J0205+3932,05:14.0,+39:32:57.0000
503,J0206-1150,06:26.1,-11:50:39.0000
504,J0209+1352,09:36.0,+13:52:00.0000
505,J0209+7229,09:51.8,+72:29:26.0000
506,J0210-1444,10:23.2,-14:44:59.0000
507,J0211+1051,11:13.2,+10:51:34.0000
508,J0211-1558,11:49.8,-15:58:18.0000
509,J0213+1820,13:10.5,+18:20:25.0000
510,J0213+8717,13:57.8,+87:17:27.9900
511,J0215-0222,15:42.0,-02:22:56.0000
512,J0217+0144,17:49.0,+01:44:49.0000
513,J0217+0837,17:17.1,+08:37:03.0000
514,J0217+7349,17:30.8,+73:49:31.9900
515,J0219+0120,19:07.0,+01:20:59.0000
516,J0219+4727,19:23.4,+47:27:40.0100
517,J0219-1842,19:21.2,-18:42:38.0000
518,J0220-1305,20:28.2,-13:05:19.0000
519,J0221+3556,21:05.5,+35:56:13.0100
520,J0222-1615,22:00.7,-16:15:16.0000
521,J0224+0659,24:28.4,+06:59:23.0000
522,J0225+1846,25:04.7,+18:46:48.0000
523,J0226-1843,26:47.6,-18:43:39.0000
524,J0230+4032,30:45.7,+40:32:52.9900
525,J0231+1322,31:45.9,+13:22:54.0000
526,J0237+0526,37:14.0,+05:26:49.0000
527,J0237+2848,37:52.4,+28:48:09.0000
528,J0237+3022,37:21.8,+30:22:59.0000
529,J0238+1636,38:38.9,+16:36:59.0000
530,J0239+0416,39:51.3,+04:16:21.0000
531,J0239-0234,39:45.5,-02:34:41.0000
532,J0240+1848,40:42.8,+18:48:00.0000
533,J0240+4216,40:05.3,+42:16:22.0000
534,J0241-0815,41:04.8,-08:15:20.0000
535,J0242+1101,42:29.2,+11:01:00.0000
536,J0242+1742,42:24.3,+17:42:58.0000
537,J0242+2653,42:20.8,+26:53:37.0000
538,J0243+7120,43:30.9,+71:20:17.8890
539,J0243-0550,43:12.5,-05:50:55.0000
540,J0245-1107,45:25.0,-11:07:16.0000
541,J0246-1236,46:58.5,-12:36:30.0000
542,J0249+0619,49:18.0,+06:19:52.0000
543,J0250+1708,50:17.4,+17:08:08.3010
544,J0251+3734,51:59.2,+37:34:18.0000
545,J0251+4315,51:34.5,+43:15:15.0000
546,J0251+7226,51:37.4,+72:26:54.9900
547,J0254+2343,54:24.7,+23:43:26.0100
548,J0254+3931,54:42.6,+39:31:34.0000
549,J0256+1542,56:54.9,+15:42:43.0000
550,J0257+1847,57:45.6,+18:47:05.0000
551,J0257+7843,57:52.6,+78:43:47.0000
552,J0257-1212,57:41.0,-12:12:01.0000
553,J0258+0541,58:50.5,+05:41:08.0000
554,J0259+0747,59:27.1,+07:47:39.6000
555,J0259-0018,59:28.5,-00:18:00.0000
556,J0305+0523,05:48.2,+05:23:31.0000
557,J0309+1029,09:03.6,+10:29:16.0000
558,J0309-0559,09:23.3,-05:59:20.0000
559,J0310+3814,10:49.9,+38:14:53.0000
560,J0312+0133,12:43.6,+01:33:17.0000
561,J0313+4120,13:02.0,+41:20:01.0000
562,J0315-1031,15:56.9,-10:31:39.3990
563,J0315-1656,15:27.7,-16:56:28.9900
564,J0318-0029,18:14.4,-00:29:48.0000
565,J0319+1901,19:51.3,+19:01:31.0000
566,J0319+4130,19:48.2,+41:30:42.0000
567,J0319+6949,19:22.1,+69:49:24.9900
568,J0319-1613,19:05.5,-16:13:47.0000
569,J0322+3948,22:51.8,+39:48:02.0000
570,J0323+0145,23:09.9,+01:45:50.0000
571,J0325+2224,25:36.8,+22:24:00.0000
572,J0327+0044,27:59.2,+00:44:22.0000
573,J0329+3510,29:15.4,+35:10:06.0100
574,J0334+0800,34:53.3,+08:00:14.0000
575,J0336-1302,36:35.0,-13:02:04.0000
576,J0338+3106,38:00.3,+31:06:09.0000
577,J0339-0133,39:01.0,-01:33:17.6000
578,J0339-0146,39:30.9,-01:46:35.0000
579,J0341+3352,41:10.0,+33:52:20.9900
580,J0343+3622,43:29.0,+36:22:12.0000
581,J0345+1453,45:06.4,+14:53:49.0000
582,J0348-1610,48:39.3,-16:10:17.0000
583,J0351-1153,51:11.0,-11:53:22.0000
584,J0354+8009,54:46.1,+80:09:28.7900
585,J0357+0542,57:46.1,+05:42:31.0000
586,J0357+2319,57:21.6,+23:19:53.0100
587,J0359+2758,59:27.9,+27:58:24.0000
588,J0359+3220,59:44.9,+32:20:46.9900
589,J0400+0550,00:11.7,+05:50:43.0000
590,J0401+0413,01:19.9,+04:13:34.0000
591,J0401+2110,01:45.2,+21:10:28.0000
592,J0401-1606,01:06.6,-16:06:39.0000
593,J0403+2600,03:05.6,+26:00:01.0000
594,J0405-0739,05:00.9,-07:39:21.0000
595,J0405-1308,05:34.0,-13:08:14.6010
596,J0406+0637,06:34.3,+06:37:15.0000
597,J0407+0742,07:29.1,+07:42:07.0000
598,J0408-0122,08:19.6,-01:22:30.0000
599,J0409+1217,09:22.0,+12:17:39.0000
600,J0409-1238,09:05.8,-12:38:48.0000
601,J0412+0010,12:33.5,+00:10:48.0000
602,J0412+0438,12:38.2,+04:38:06.0000
603,J0412+1856,12:45.9,+18:56:37.0000
604,J0414+3418,14:37.3,+34:18:51.0000
605,J0416+0105,16:52.5,+01:05:23.9000
606,J0416-1851,16:36.5,-18:51:08.0000
607,J0422+0219,22:52.2,+02:19:26.0000
608,J0422-0643,22:10.8,-06:43:45.3000
609,J0423-0120,23:15.8,-01:20:33.0000
610,J0424+0805,24:57.6,+08:05:17.0000
611,J0426+0518,26:36.6,+05:18:19.9000
612,J0426+2327,26:55.7,+23:27:39.0000
613,J0426+2350,26:56.0,+23:50:26.0100
614,J0428+1732,28:35.6,+17:32:23.0000
615,J0428+3259,28:05.8,+32:59:52.0100
616,J0430+1655,30:22.3,+16:55:04.7970
617,J0431+1731,31:57.4,+17:31:35.8010
618,J0432-1614,32:29.1,-16:14:05.0000
619,J0433+0521,33:11.1,+05:21:15.0000
620,J0433+2905,33:37.8,+29:05:55.0000
621,J0434-1442,34:19.0,-14:42:55.0000
622,J0435+2923,35:58.4,+29:23:36.0000
623,J0437-1844,37:01.5,-18:44:48.0000
624,J0438+3004,38:05.0,+30:04:45.0100
625,J0438-1251,38:35.0,-12:51:03.0000
626,J0439+0520,39:02.3,+05:20:43.0000
627,J0439+3045,39:17.8,+30:45:07.0000
628,J0440+1437,40:21.1,+14:37:56.9990
629,J0442-0017,42:38.7,-00:17:43.0000
630,J0449+1121,49:07.7,+11:21:28.0000
631,J0449+6332,49:23.3,+63:32:08.9900
632,J0449-1814,49:16.2,-18:14:47.0000
633,J0452+1236,52:42.6,+12:36:24.0000
634,J0455+0655,55:20.7,+06:55:38.0000
635,J0456+0400,56:47.2,+04:00:52.0000
636,J0457+0645,57:07.7,+06:45:07.0000
637,J0457-1819,57:54.3,-18:19:16.0000
638,J0501+1356,01:45.3,+13:56:07.0000
639,J0501+7128,01:45.8,+71:28:34.0000
640,J0501-0159,01:12.8,-01:59:14.0000
641,J0502+1338,02:33.2,+13:38:10.0000
642,J0503+6600,03:56.4,+66:00:31.0100
643,J0505+0459,05:23.2,+04:59:42.0000
644,J0508+8432,08:42.4,+84:32:04.0100
645,J0509+0541,09:26.0,+05:41:35.0000
646,J0510+1800,10:02.4,+18:00:41.0000
647,J0511+1357,11:38.3,+13:57:19.0000
648,J0517+0648,17:51.3,+06:48:03.0000
649,J0521-1737,21:23.6,-17:37:30.0000
650,J0522-0725,22:23.2,-07:25:13.0000
651,J0527+0106,27:16.3,+01:06:00.0000
652,J0527+0331,27:32.7,+03:31:31.0000
653,J0529-0519,29:53.5,-05:19:41.0000
654,J0530+1331,30:56.4,+13:31:55.0000
655,J0532+0732,32:39.0,+07:32:43.0000
656,J0538+5107,38:54.8,+51:07:23.0000
657,J0541+5312,41:16.2,+53:12:24.0100
658,J0541-0541,41:38.1,-05:41:49.0000
659,J0542-0913,42:55.9,-09:13:31.0000
660,J0551-1909,51:55.3,-19:09:21.0000
661,J0552+0313,52:50.1,+03:13:27.0000
662,J0554+6857,54:00.8,+68:57:53.9900
663,J0558-1317,58:02.5,-13:17:41.0000
664,J0559+5804,59:13.4,+58:04:02.9900
665,J0559-1817,59:46.4,-18:17:47.0000
666,J0606-0724,06:43.5,-07:24:30.0000
667,J0607+4739,07:23.3,+47:39:47.0000
668,J0607+6720,07:52.7,+67:20:55.0000
669,J0607-0834,07:59.7,-08:34:50.0000
670,J0609-1542,09:40.9,-15:42:40.0000
671,J0610-1847,10:17.9,-18:47:40.0000
672,J0612+4122,12:51.2,+41:22:36.9900
673,J0616-1041,16:41.8,-10:41:08.0000
674,J0617+5701,17:16.9,+57:01:16.3960
675,J0617+7816,17:56.9,+78:16:07.0200
676,J0617-1715,17:33.4,-17:15:25.0970
677,J0618+4620,18:08.2,+46:20:15.9900
678,J0619-1140,19:04.1,-11:40:55.0000
679,J0623+3830,23:28.9,+38:30:49.0000
680,J0624+3856,24:19.0,+38:56:48.0000
681,J0625+4440,25:18.3,+44:40:01.0100
682,J0626+8202,26:03.0,+82:02:24.9900
683,J0629-1959,29:23.8,-19:59:19.0000
684,J0630-1323,30:53.9,-13:23:34.0000
685,J0631-1410,31:20.2,-14:10:31.0000
686,J0632+057,32:59.3,+05:48:01.0000
687,J0632+3200,32:30.8,+32:00:53.0000
688,J0637+3322,37:55.9,+33:22:05.9900
689,J0638+5933,38:02.9,+59:33:22.0000
690,J0639+7324,39:22.0,+73:24:58.0100
691,J0642+3509,42:58.1,+35:09:18.0100
692,J0642+6758,42:04.2,+67:58:34.9900
693,J0642+8811,42:06.2,+88:11:54.9900
694,J0644+3914,44:53.7,+39:14:46.9900
695,J0646+4451,46:32.0,+44:51:15.9900
696,J0650+5616,50:48.2,+56:16:34.0000
697,J0650+6001,50:31.3,+60:01:44.0000
698,J0653+3705,53:58.3,+37:05:40.0000
699,J0654+4514,54:23.7,+45:14:23.0000
700,J0654+5042,54:22.1,+50:42:23.0100
701,J0655+4100,55:10.0,+41:00:10.0000
702,J0657+2423,57:05.7,+24:23:55.0000
703,J0702+2644,02:31.8,+26:44:11.0000
704,J0702+8549,02:32.8,+85:49:51.9900
705,J0712+5033,12:43.6,+50:33:22.0000
706,J0717+4538,17:51.8,+45:38:03.0000
707,J0720+4737,20:21.5,+47:37:43.9900
708,J0721+7120,21:53.4,+71:20:36.0200
709,J0722+3722,22:01.3,+37:22:27.9900
710,J0725+1425,25:16.8,+14:25:13.0000
711,J0726+0636,26:36.4,+06:36:42.0000
712,J0726+2153,26:14.3,+21:53:20.0000
713,J0726+7911,26:11.7,+79:11:31.0100
714,J0728+2153,28:20.6,+21:53:06.0000
715,J0728+5701,28:49.6,+57:01:24.0000
716,J0730+4049,30:51.4,+40:49:50.0000
717,J0731+2451,31:33.7,+24:51:58.0000
718,J0732+2548,32:56.3,+25:48:38.0000
719,J0733+0456,33:57.5,+04:56:14.0000
720,J0733+5022,33:52.5,+50:22:08.9900
721,J0735+4750,35:02.3,+47:50:08.0000
722,J0736+2604,36:58.1,+26:04:49.0000
723,J0738+1742,38:07.4,+17:42:19.0000
724,J0739+0137,39:18.0,+01:37:04.0000
725,J0740+2852,40:33.5,+28:52:47.0000
726,J0741+3112,41:10.7,+31:12:00.0000
727,J0742+4900,42:02.7,+49:00:15.0000
728,J0742+5444,42:39.8,+54:44:24.7060
729,J0743+1714,43:05.1,+17:14:24.0000
730,J0745+1011,45:33.1,+10:11:12.0000
731,J0745+3313,45:59.3,+33:13:34.0000
732,J0745-0044,45:54.1,-00:44:17.0000
733,J0746+2549,46:25.9,+25:49:02.0970
734,J0746+2734,46:40.4,+27:34:59.0000
735,J0747+7639,47:14.6,+76:39:17.0100
736,J0748+2400,48:36.1,+24:00:24.0000
737,J0749+7420,49:22.5,+74:20:41.0200
738,J0750+1021,50:32.9,+10:21:26.0000
739,J0750+1231,50:52.0,+12:31:04.0000
740,J0750+1823,50:00.3,+18:23:11.0000
741,J0750+4814,50:20.4,+48:14:53.0000
742,J0751+3313,51:53.7,+33:13:19.0100
743,J0752+3730,52:40.9,+37:30:24.0100
744,J0753+5352,53:01.4,+53:52:58.9900
745,J0754+3033,54:48.9,+30:33:55.0000
746,J0756+6347,56:54.6,+63:47:58.9900
747,J0757+0956,57:06.6,+09:56:34.0000
748,J0802+1809,02:48.0,+18:09:49.0000
749,J0805+6144,05:18.2,+61:44:23.0000
750,J0805-0111,05:12.9,-01:11:13.0000
751,J0806+4504,06:33.5,+45:04:31.9900
752,J0807+5117,07:01.0,+51:17:38.0000
753,J0807-0541,07:09.6,-05:41:13.9000
754,J0808+4052,08:56.7,+40:52:43.9900
755,J0808+4950,08:39.7,+49:50:35.9900
756,J0808+7315,08:16.5,+73:15:12.0000
757,J0808-0751,08:15.5,-07:51:09.0000
758,J0809+3455,09:38.9,+34:55:37.1930
759,J0809+5341,09:41.7,+53:41:25.0000
760,J0810+4134,10:59.0,+41:34:02.0000
761,J0811+0146,11:26.7,+01:46:52.0000
762,J0811+4533,11:08.8,+45:33:49.0000
763,J0813+2542,13:03.8,+25:42:11.0000
764,J0814+5609,14:32.1,+56:09:56.6900
765,J0814+6431,14:39.2,+64:31:22.0100
766,J0815+3635,15:25.9,+36:35:14.9900
767,J0817+3227,17:28.6,+32:27:02.0100
768,J0817-0933,17:49.8,-09:33:30.0000
769,J0818+4222,18:16.0,+42:22:45.0000
770,J0818+4754,18:22.5,+47:54:34.0100
771,J0819+3226,19:02.3,+32:26:37.0000
772,J0823+2928,23:41.1,+29:28:28.0000
773,J0824+3916,24:55.5,+39:16:41.0100
774,J0824+5552,24:47.2,+55:52:41.9900
775,J0824-1527,24:51.6,-15:27:45.0000
776,J0824-1827,24:04.1,-18:27:40.0000
777,J0825+0309,25:50.3,+03:09:24.0000
778,J0825+1332,25:11.9,+13:32:32.0000
779,J0825+6157,25:38.6,+61:57:28.0000
780,J0827+3525,27:38.6,+35:25:05.0000
781,J0830+2410,30:52.1,+24:10:58.9900
782,J0831+0429,31:48.9,+04:29:39.0000
783,J0831+0847,31:55.1,+08:47:43.0000
784,J0833+0350,33:18.9,+03:50:32.0000
785,J0833+4224,33:53.9,+42:24:01.0100
786,J0834+6019,34:17.5,+60:19:46.9900
787,J0835+6835,35:47.6,+68:35:11.0000
788,J0836+0052,36:15.8,+00:53:00.0000
789,J0836+2728,36:22.9,+27:28:52.0000
790,J0837+2454,37:40.2,+24:54:23.0000
791,J0837+5825,37:22.4,+58:25:01.0100
792,J0839+0104,39:49.6,+01:04:26.0000
793,J0839+0319,39:49.2,+03:19:53.0000
794,J0842+1835,42:05.1,+18:35:41.0000
795,J0847-0703,47:56.7,-07:03:16.0000
796,J0849+5108,49:58.0,+51:08:29.0100
797,J0850-1213,50:09.6,-12:13:35.0000
798,J0851+0845,51:28.4,+08:45:15.0000
799,J0853-0150,53:01.3,-01:50:48.0000
800,J0854+2006,54:48.9,+20:06:30.0000
801,J0854+5757,54:42.0,+57:57:29.0100
802,J0856+1739,56:56.7,+17:39:47.0000
803,J0856+2111,56:57.2,+21:11:42.9900
804,J0856-1105,56:41.8,-11:05:14.0000
805,J0900+4108,00:21.4,+41:08:23.0100
806,J0900-1242,00:39.8,-12:42:32.0000
807,J0901+0448,01:11.9,+04:48:58.0000
808,J0902+0443,02:27.2,+04:43:09.5400
809,J0902+4310,02:30.9,+43:10:14.0000
810,J0902+5402,02:19.3,+54:02:57.0000
811,J0903+6757,03:53.2,+67:57:21.9900
812,J0903-1721,03:00.0,-17:21:05.0000
813,J0905+1358,05:35.0,+13:58:06.2980
814,J0905+2849,05:41.8,+28:49:28.0000
815,J0906+6930,06:30.8,+69:30:29.9900
816,J0908+1609,08:55.9,+16:09:54.0000
817,J0909+0121,09:10.1,+01:21:35.0000
818,J0909+0200,09:39.8,+02:00:05.0000
819,J0910+2248,10:42.1,+22:48:35.0000
820,J0910+3329,10:37.0,+33:29:24.4040
821,J0911+3319,11:00.9,+33:19:29.0960
822,J0914+0245,14:38.3,+02:45:37.0000
823,J0915+2933,15:52.4,+29:33:24.0020
824,J0917-1345,17:39.0,-13:45:42.0000
825,J0919+3324,19:08.8,+33:24:42.0000
826,J0920+4441,20:58.5,+44:41:54.0000
827,J0921+6215,21:36.2,+62:15:52.0100
828,J0921+6604,21:57.8,+66:04:38.2010
829,J0922-0529,22:23.7,-05:29:07.0000
830,J0923+2815,23:51.5,+28:15:25.0010
831,J0923+3849,23:14.5,+38:49:39.0000
832,J0923+4125,23:31.3,+41:25:27.0000
833,J0925+1658,25:50.0,+16:58:12.0000
834,J0926+4029,26:00.4,+40:29:49.0000
835,J0927+3902,27:03.0,+39:02:19.9900
836,J0928+4446,28:24.1,+44:46:04.0000
837,J0929+5013,29:15.4,+50:13:36.0000
838,J0929+8612,29:43.0,+86:12:21.0000
839,J0930+7420,30:53.8,+74:20:05.0100
840,J0932+5306,32:41.2,+53:06:32.9900
841,J0933-0819,33:17.1,-08:19:10.0000
842,J0933-1139,33:34.5,-11:39:25.0000
843,J0934+3926,34:06.7,+39:26:32.0000
844,J0935-1939,35:15.6,-19:39:08.0000
845,J0936-0535,36:36.7,-05:35:52.0000
846,J0937+5008,37:12.3,+50:08:52.0100
847,J0938-0708,38:56.1,-07:07:59.9900
848,J0939+4141,39:49.6,+41:41:54.0000
849,J0940+2603,40:14.7,+26:03:28.9900
850,J0941+2728,41:48.1,+27:28:38.0000
851,J0941-1335,41:02.6,-13:35:51.0000
852,J0942+6403,42:03.9,+64:03:11.0000
853,J0942-0759,42:21.5,-07:59:53.0000
854,J0943+1702,43:17.2,+17:02:19.0000
855,J0943+3614,43:19.1,+36:14:52.0100
856,J0945+4636,45:42.1,+46:36:50.0000
857,J0945+5757,45:42.2,+57:57:47.6970
858,J0946+1017,46:35.1,+10:17:06.0990
859,J0948+0022,48:57.3,+00:22:25.0000
860,J0948+4039,48:55.3,+40:39:44.0100
861,J0952+3512,52:32.0,+35:12:52.0100
862,J0952+5048,52:27.3,+50:48:50.0000
863,J0953+2836,53:17.1,+28:36:01.4900
864,J0953+3225,53:27.9,+32:25:51.0100
865,J0954+2639,54:39.8,+26:39:24.0000
866,J0956+2515,56:49.9,+25:15:16.0000
867,J0957-0156,57:27.2,-01:56:54.0000
868,J0957-1350,57:18.2,-13:50:01.0000
869,J0958+4725,58:19.7,+47:25:07.0100
870,J0958+5039,58:37.8,+50:39:57.0100
871,J0958+6533,58:47.2,+65:33:54.0100
872,J1001+1015,01:57.7,+10:15:49.0000
873,J1001+2911,01:10.2,+29:11:37.0000
874,J1001+3424,01:11.9,+34:24:50.0100
875,J1002+1216,02:52.9,+12:16:14.0000
876,J1007+1356,07:41.5,+13:56:29.0000
877,J1007-0207,07:04.4,-02:07:10.0000
878,J1008+0621,08:00.8,+06:21:21.0000
879,J1010+3330,10:51.8,+33:30:17.0000
880,J1010+8250,10:15.8,+82:50:14.0200
881,J1010-0200,10:51.7,-02:00:19.6000
882,J1012+2312,12:16.4,+23:12:14.0000
883,J1013+2449,13:53.4,+24:49:16.0000
884,J1013+3445,13:49.6,+34:45:50.0000
885,J1014+2301,14:47.1,+23:01:16.0000
886,J1015+1227,15:44.0,+12:27:07.0000
887,J1015+4926,15:04.1,+49:26:00.0000
888,J1015+6728,15:38.0,+67:28:44.0000
889,J1016+2037,16:44.3,+20:37:47.0000
890,J1017+6116,17:25.9,+61:16:27.0000
891,J1018+0530,18:27.8,+05:30:29.0000
892,J1018+3542,18:11.0,+35:42:39.0000
893,J1019+6320,19:50.9,+63:20:01.0000
894,J1021+3437,21:17.5,+34:37:20.9900
895,J1022+4239,22:13.1,+42:39:25.0000
896,J1023+2856,23:24.0,+28:56:50.9900
897,J1023+3948,23:11.6,+39:48:14.9900
898,J1024+1912,24:44.8,+19:12:20.0000
899,J1025+1253,25:56.3,+12:53:49.0000
900,J1025-0509,25:45.4,-05:09:54.0000
901,J1028+0255,28:20.4,+02:55:22.0000
902,J1029-1852,29:33.1,-18:52:50.0000
903,J1033+0711,33:34.0,+07:11:26.0000
904,J1033+3935,33:22.1,+39:35:51.0000
905,J1033+4116,33:03.7,+41:16:06.0000
906,J1033+6051,33:51.4,+60:51:07.0000
907,J1036+1440,36:03.7,+14:40:45.0000
908,J1036+2203,36:33.0,+22:03:12.0000
909,J1036-0605,36:47.6,-06:05:41.0000
910,J1038+0512,38:46.8,+05:12:29.0000
911,J1039-1541,39:06.7,-15:41:06.0000
912,J1041+0610,41:17.2,+06:10:16.0000
913,J1041+5233,41:46.8,+52:33:28.0000
914,J1043+2408,43:09.0,+24:08:35.0000
915,J1044+2959,44:06.3,+29:59:01.0000
916,J1044+5322,44:10.7,+53:22:19.9900
917,J1044+8054,44:23.1,+80:54:39.0100
918,J1045+0624,45:52.7,+06:24:36.0000
919,J1046+5354,46:24.0,+53:54:26.0000
920,J1047+2635,47:36.7,+26:35:27.0000
921,J1047+4725,47:32.8,+47:25:32.0200
922,J1047-1308,47:03.9,-13:08:32.0000
923,J1048+7143,48:27.6,+71:43:34.9900
924,J1048-1909,48:06.6,-19:09:35.0000
925,J1051+2027,51:01.4,+20:27:20.0000
926,J1051+2119,51:48.8,+21:19:52.0000
927,J1054-0713,54:41.0,-07:13:26.0000
928,J1056+7011,56:53.6,+70:11:44.9900
929,J1058+0133,58:29.6,+01:33:58.0000
930,J1058+1951,58:17.9,+19:51:50.0000
931,J1058+5628,58:37.7,+56:28:11.0000
932,J1058+8114,58:11.5,+81:14:31.9800
933,J1059+2057,59:39.0,+20:57:22.0000
934,J1102+2757,02:14.3,+27:57:08.0000
935,J1103+3014,03:13.3,+30:14:42.0000
936,J1104+0730,04:24.1,+07:30:53.2000
937,J1104+3812,04:27.3,+38:12:31.0000
938,J1106+2812,06:07.3,+28:12:46.9970
939,J1108+0811,08:37.5,+08:11:01.0000
940,J1108+4330,08:23.5,+43:30:53.0000
941,J1110+4403,10:46.3,+44:03:24.9900
942,J1110-1835,10:27.8,-18:35:52.7980
943,J1112+3503,12:33.2,+35:03:39.2050
944,J1113+1442,13:58.7,+14:42:27.0000
945,J1114-0816,14:32.6,-08:16:39.0000
946,J1116+0829,16:10.0,+08:29:22.0000
947,J1118+1234,18:57.3,+12:34:41.0000
948,J1119+0410,19:42.8,+04:10:27.0000
949,J1119+1656,19:52.4,+16:56:56.0000
950,J1120+0704,20:38.4,+07:04:47.2000
951,J1120-1420,20:55.6,-14:20:29.0000
952,J1121-0553,21:25.1,-05:53:56.4010
953,J1121-0711,21:42.1,-07:11:06.0000
954,J1121-1722,21:20.8,-17:22:40.0000
955,J1122+1805,22:29.7,+18:05:26.0100
956,J1124+2336,24:02.7,+23:36:45.0000
957,J1125+0001,25:42.3,+00:01:01.0000
958,J1125+2610,25:53.7,+26:10:20.0000
959,J1126+4516,26:57.7,+45:16:06.0000
960,J1127+0555,27:36.5,+05:55:32.0000
961,J1127+3620,27:58.9,+36:20:28.0000
962,J1127+5650,27:40.1,+56:50:13.9900
963,J1127-1857,27:04.4,-18:57:17.0000
964,J1128+1039,28:45.5,+10:39:07.0000
965,J1128+5925,28:13.3,+59:25:14.0000
966,J1129-0240,29:52.9,-02:40:07.0000
967,J1130+3815,30:53.3,+38:15:18.0000
968,J1131-0500,31:30.5,-05:00:19.0000
969,J1132+0034,32:45.6,+00:34:27.8000
970,J1133+0040,33:20.1,+00:40:52.0000
971,J1135-0428,35:58.2,-04:28:27.0000
972,J1136+3407,36:27.3,+34:07:39.0000
973,J1136+7009,36:26.4,+70:09:27.0000
974,J1136-0330,36:23.7,-03:30:29.0000
975,J1141+6410,41:12.2,+64:10:04.9900
976,J1143+6633,43:41.6,+66:33:31.0200
977,J1145+0455,45:21.3,+04:55:26.0000
978,J1146+3958,46:58.3,+39:58:34.0000
979,J1146+5356,46:44.2,+53:56:43.0000
980,J1146+5848,46:26.9,+58:48:34.0000
981,J1147+2635,47:59.8,+26:35:42.0000
982,J1147+3501,47:22.1,+35:01:07.0000
983,J1147-0724,47:51.6,-07:24:41.0000
984,J1148+5254,48:56.6,+52:54:25.0000
985,J1148+5924,48:50.4,+59:24:56.0100
986,J1148-0404,48:55.9,-04:04:09.0000
987,J1150+2417,50:19.2,+24:17:53.0000
988,J1150+4332,50:16.6,+43:32:05.0000
989,J1150-0640,50:24.0,-06:40:26.0000
990,J1152+4939,52:32.9,+49:39:38.0000
991,J1152-0519,52:55.5,-05:19:48.0000
992,J1152-0841,52:16.5,-08:41:03.0000
993,J1153+8058,53:12.5,+80:58:29.0100
994,J1154+1225,54:10.4,+12:25:09.0000
995,J1154+5934,54:01.4,+59:34:53.9900
996,J1154+6022,54:04.5,+60:22:20.7990
997,J1157+5527,57:56.1,+55:27:12.0100
998,J1158+2450,58:25.8,+24:50:18.0000
999,J1158+4825,58:26.8,+48:25:16.0000
1000,J1159+2914,59:31.8,+29:14:43.0000
1001,J1201+1431,01:44.3,+14:31:36.0000
1002,J1202-0528,02:35.6,-05:28:02.0000
1003,J1203+4803,03:29.9,+48:03:13.0000
1004,J1203+6031,03:03.5,+60:31:19.1020
1005,J1207+1211,07:12.6,+12:11:45.0000
1006,J1207+2754,07:27.9,+27:54:58.0000
1007,J1209+1810,09:51.8,+18:10:06.8020
1008,J1209+2547,09:45.1,+25:47:03.0000
1009,J1209+4119,09:22.8,+41:19:41.0000
1010,J1210-1218,10:06.0,-12:18:08.0000
1011,J1214+0829,14:59.9,+08:29:22.0000
1012,J1215+1654,15:04.0,+16:54:37.0000
1013,J1215-1731,15:46.8,-17:31:45.0000
1014,J1217+3007,17:52.1,+30:07:00.0000
1015,J1217+5835,17:11.0,+58:35:25.9900
1016,J1219+4829,19:06.4,+48:29:56.0000
1017,J1219+6344,19:10.6,+63:44:10.0000
1018,J1219+6600,19:35.8,+66:00:31.0100
1019,J1220+3431,20:08.3,+34:31:21.0000
1020,J1220+3808,20:59.2,+38:08:55.0100
1021,J1221+2813,21:31.7,+28:13:58.0000
1022,J1221+4411,21:27.0,+44:11:29.0100
1023,J1222+0413,22:22.6,+04:13:15.0000
1024,J1223+8040,23:40.5,+80:40:04.3030
1025,J1224+4335,24:51.5,+43:35:19.3040
1026,J1226+4340,26:57.9,+43:40:58.3970
1027,J1226-1328,26:54.4,-13:28:39.0000
1028,J1227+4932,27:55.7,+49:32:56.0000
1029,J1228+3128,28:25.0,+31:28:37.0100
1030,J1228+3706,28:47.4,+37:06:12.0000
1031,J1229+0203,29:06.7,+02:03:08.0000
1032,J1230+2518,30:14.1,+25:18:06.9900
1033,J1231+0418,31:27.6,+04:18:01.0000
1034,J1231+2847,31:43.6,+28:47:49.8010
1035,J1232+4821,32:34.8,+48:21:32.9900
1036,J1235+3621,35:05.8,+36:21:19.0000
1037,J1238+0723,38:02.5,+07:23:21.0000
1038,J1239+0730,39:24.6,+07:30:17.0000
1039,J1239-1023,39:43.1,-10:23:28.0000
1040,J1242+3750,42:51.4,+37:50:59.9900
1041,J1243+7442,43:45.0,+74:42:36.9900
1042,J1243-0218,43:52.5,-02:18:38.0000
1043,J1245-1617,45:53.1,-16:17:15.0000
1044,J1246+0238,46:34.7,+02:38:09.0700
1045,J1247+1022,47:47.3,+10:22:31.0000
1046,J1248+5820,48:18.8,+58:20:28.0000
1047,J1248-0632,48:23.0,-06:32:09.0000
1048,J1251-1717,51:14.5,-17:17:13.0000
1049,J1253+0326,53:47.0,+03:26:30.4000
1050,J1254+1141,54:38.3,+11:41:05.0000
1051,J1254-1317,54:31.5,-13:17:16.0000
1052,J1255+1817,55:31.8,+18:17:50.0000
1053,J1256-0547,56:11.2,-05:47:21.0000
1054,J1256-1146,56:15.9,-11:46:37.4010
1055,J1257+3229,57:57.2,+32:29:29.0000
1056,J1300+0828,00:36.4,+08:28:02.8990
1057,J1300+1206,00:01.9,+12:06:22.0000
1058,J1300+2830,00:28.5,+28:30:10.0000
1059,J1300+5029,00:41.3,+50:29:35.9900
1060,J1301+4634,01:32.6,+46:34:02.0000
1061,J1302+5748,02:52.5,+57:48:36.9900
1062,J1303-1051,03:13.9,-10:51:17.0000
1063,J1305-1033,05:33.0,-10:33:19.0000
1064,J1306+5529,06:03.4,+55:29:43.0000
1065,J1306-1718,06:32.7,-17:18:58.0000
1066,J1308+3546,08:23.7,+35:46:37.0000
1067,J1309+1154,09:33.9,+11:54:24.0000
1068,J1309+5557,09:09.7,+55:57:38.0000
1069,J1310+0044,10:28.5,+00:44:08.0000
1070,J1310+3220,10:28.7,+32:20:42.9900
1071,J1310+4653,10:53.6,+46:53:52.0100
1072,J1311+5513,11:03.2,+55:13:54.0000
1073,J1312+4828,12:43.4,+48:28:30.0100
1074,J1312-0424,12:50.9,-04:24:49.0000
1075,J1313+1027,13:41.6,+10:27:14.0000
1076,J1314+2348,14:43.8,+23:48:26.7010
1077,J1314+5306,14:43.8,+53:06:26.9900
1078,J1317+3425,17:36.5,+34:25:15.0000
1079,J1317-1345,17:36.5,-13:45:32.0000
1080,J1318-0607,18:33.7,-06:07:23.0000
1081,J1319-1217,19:12.1,-12:17:32.0000
1082,J1319-1239,19:31.7,-12:39:25.0000
1083,J1321+2216,21:11.2,+22:16:12.0000
1084,J1322+3912,22:55.7,+39:12:08.0100
1085,J1322-0937,22:36.9,-09:37:37.0000
1086,J1323+7942,23:51.6,+79:42:50.9900
1087,J1324+4743,24:29.3,+47:43:20.0000
1088,J1324-1049,24:25.8,-10:49:23.0000
1089,J1325-0804,25:09.6,-08:04:48.0000
1090,J1326-0500,26:54.6,-05:00:59.0000
1091,J1327+1223,27:54.7,+12:23:09.0000
1092,J1327+2210,27:00.9,+22:10:50.0000
1093,J1327+5008,27:25.1,+50:08:49.0100
1094,J1327-1336,27:42.0,-13:36:00.0000
1095,J1329+3154,29:52.9,+31:54:11.0000
1096,J1330+5202,30:42.6,+52:02:14.9900
1097,J1332+4722,32:45.2,+47:22:21.9900
1098,J1332-0509,32:04.5,-05:09:43.0000
1099,J1332-1256,32:39.3,-12:56:15.2990
1100,J1333+1649,33:35.8,+16:49:04.0100
1101,J1333+2725,33:07.5,+27:25:17.9900
1102,J1333-1950,33:45.2,-19:50:42.0000
1103,J1334-1150,34:04.2,-11:50:14.0000
1104,J1335+4542,35:22.0,+45:42:38.0000
1105,J1335+5844,35:25.9,+58:44:00.0000
1106,J1336-0829,36:08.5,-08:29:51.0000
1107,J1337+5501,37:49.6,+55:01:02.0000
1108,J1337+6532,37:16.1,+65:32:46.0000
1109,J1337-1257,37:39.8,-12:57:24.0000
1110,J1341+2816,41:15.3,+28:16:05.0000
1111,J1342+2709,42:08.4,+27:09:30.0000
1112,J1343+6602,43:46.0,+66:02:24.9900
1113,J1344+6606,44:08.7,+66:06:10.9800
1114,J1344-1723,44:14.4,-17:23:40.0000
1115,J1345+0706,45:49.3,+07:06:31.1000
1116,J1347+1835,47:23.5,+18:35:37.0100
1117,J1349+5341,49:34.7,+53:41:17.0100
1118,J1349-1110,49:03.2,-11:10:00.0000
1119,J1349-1132,49:31.4,-11:32:53.0000
1120,J1350+0940,50:22.1,+09:40:10.0000
1121,J1350+3034,50:52.7,+30:34:53.0100
1122,J1350+6428,50:55.7,+64:28:56.0000
1123,J1350-1634,50:36.1,-16:34:49.0000
1124,J1351+0830,51:16.9,+08:30:39.0000
1125,J1351+5542,51:58.2,+55:42:10.0000
1126,J1353+1435,53:22.8,+14:35:39.2990
1127,J1353+7532,53:23.2,+75:32:56.9900
1128,J1357+7643,57:55.4,+76:43:21.0100
1129,J1357-1527,57:11.2,-15:27:28.0000
1130,J1359+4011,59:38.1,+40:11:38.0000
1131,J1359+5544,59:05.7,+55:44:29.4030
1132,J1400-1858,00:03.9,-18:58:11.0000
1133,J1401+5835,01:45.7,+58:35:41.9900
1134,J1405+0415,05:01.1,+04:15:35.0000
1135,J1405-1440,05:32.9,-14:40:18.0000
1136,J1406+3433,06:53.8,+34:33:36.9900
1137,J1407+2827,07:00.4,+28:27:14.0000
1138,J1408+6854,08:19.1,+68:54:49.9900
1139,J1410+0731,10:35.1,+07:31:21.0000
1140,J1412+1334,12:36.4,+13:34:38.0000
1141,J1415+0832,15:09.9,+08:32:05.0000
1142,J1415+1320,15:58.8,+13:20:23.0000
1143,J1415-0955,15:20.8,-09:55:58.2010
1144,J1416-1705,16:34.4,-17:05:45.0100
1145,J1419+2706,19:59.3,+27:06:25.0000
1146,J1419+3821,19:46.6,+38:21:47.9900
1147,J1419+5423,19:46.6,+54:23:14.0000
1148,J1420+1703,20:20.9,+17:03:28.9900
1149,J1421+4645,21:23.1,+46:45:48.0000
1150,J1421-1931,21:37.0,-19:31:18.0000
1151,J1422+3223,22:30.4,+32:23:10.0000
1152,J1423+4802,23:06.2,+48:02:10.0000
1153,J1423+5055,23:14.2,+50:55:37.0000
1154,J1424+2256,24:38.1,+22:56:00.0000
1155,J1425+1424,25:49.0,+14:24:56.0000
1156,J1426+3625,26:37.1,+36:25:09.0000
1157,J1428+2724,28:31.8,+27:24:32.0000
1158,J1430+1043,30:09.7,+10:43:26.0000
1159,J1430+3649,30:40.6,+36:49:02.9900
1160,J1431+3952,31:20.5,+39:52:41.0000
1161,J1433-1548,33:21.5,-15:48:44.0000
1162,J1434+1952,34:39.8,+19:52:00.0000
1163,J1434+4203,34:05.7,+42:03:16.0000
1164,J1435+2021,35:22.0,+20:21:17.9020
1165,J1435+3012,35:35.4,+30:12:24.0000
1166,J1435+3131,35:09.5,+31:31:47.9700
1167,J1436+2321,36:41.0,+23:21:03.0000
1168,J1436+6336,36:45.8,+63:36:36.9900
1169,J1436-1846,36:56.8,-18:46:34.0000
1170,J1437+0405,37:08.2,+04:05:34.0000
1171,J1437+3119,37:39.5,+31:19:01.0100
1172,J1438+3710,38:53.6,+37:10:35.0100
1173,J1439+2114,39:08.9,+21:14:50.0000
1174,J1439+4958,39:47.0,+49:58:05.0000
1175,J1439-1531,39:56.9,-15:31:50.0000
1176,J1442+3234,42:00.1,+32:34:19.9900
1177,J1443+2501,43:56.9,+25:01:44.5010
1178,J1443+4725,43:18.6,+47:25:56.6600
1179,J1445-1614,45:09.6,-16:14:10.0000
1180,J1445-1629,45:53.4,-16:29:01.0000
1181,J1446+1721,46:35.3,+17:21:07.0000
1182,J1448+7601,48:28.8,+76:01:11.0000
1183,J1450+0910,50:31.2,+09:10:28.0000
1184,J1451-0127,51:47.4,-01:27:35.0000
1185,J1453+1036,53:01.5,+10:36:17.0000
1186,J1453+2648,53:53.6,+26:48:33.0000
1187,J1453+3505,53:18.5,+35:05:39.0000
1188,J1456+5048,56:08.1,+50:48:35.9900
1189,J1457+0749,57:38.1,+07:49:54.0000
1190,J1458+3720,58:44.8,+37:20:20.9900
1191,J1459+4442,59:35.5,+44:42:07.0100
1192,J1459-1810,59:28.8,-18:10:45.0000
1193,J1500+4751,00:48.7,+47:51:14.9900
1194,J1502-1508,02:25.0,-15:08:52.0000
1195,J1504+0813,04:24.1,+08:13:39.0000
1196,J1504+1029,04:25.0,+10:29:39.0000
1197,J1505+0326,05:06.5,+03:26:30.0000
1198,J1506+3730,06:09.5,+37:30:51.0000
1199,J1506+4239,06:53.0,+42:39:23.0100
1200,J1506+4933,06:44.1,+49:33:55.0000
1201,J1506+8319,06:24.8,+83:19:27.9800
1202,J1507-1652,07:04.8,-16:52:30.0000
1203,J1508-1548,08:35.7,-15:48:31.0000
1204,J1510-1121,10:44.4,-11:21:39.0000
1205,J1511+0518,11:41.3,+05:18:09.0000
1206,J1513-1012,13:44.9,-10:11:59.9900
1207,J1516+0015,16:40.2,+00:15:01.0000
1208,J1516+1932,16:56.8,+19:32:13.0000
1209,J1517+1332,17:17.2,+13:32:24.0000
1210,J1521+4336,21:49.6,+43:36:39.0000
1211,J1522+3144,22:10.0,+31:44:14.0000
1212,J1526+6650,26:42.9,+66:50:54.0100
1213,J1526-0425,26:15.0,-04:25:10.0000
1214,J1532-1319,32:45.4,-13:19:10.0000
1215,J1533-0421,33:14.2,-04:21:16.0000
1216,J1534+0131,34:52.4,+01:31:04.0000
1217,J1535+4957,35:52.0,+49:57:39.0000
1218,J1537-1527,37:41.6,-15:27:12.0000
1219,J1538+1444,38:03.4,+14:44:07.0000
1220,J1538-1655,38:50.9,-16:55:27.0000
1221,J1539+2744,39:39.1,+27:44:38.0000
1222,J1539+3104,39:16.2,+31:04:07.0000
1223,J1540+1447,40:49.5,+14:47:45.0000
1224,J1544+3240,44:05.7,+32:40:48.0000
1225,J1545+5135,45:02.8,+51:35:00.0000
1226,J1548+1727,48:55.1,+17:27:41.0000
1227,J1548+3511,48:17.9,+35:11:28.0100
1228,J1549+0237,49:29.4,+02:37:01.0000
1229,J1549+5038,49:17.5,+50:38:05.0100
1230,J1550+0527,50:35.3,+05:27:10.0000
1231,J1551+5806,51:58.2,+58:06:43.9900
1232,J1552+0850,52:03.3,+08:50:47.2980
1233,J1555+1111,55:43.0,+11:11:24.0000
1234,J1557-0001,57:51.4,-00:01:50.0000
1235,J1558+5625,58:48.3,+56:25:14.0950
1236,J1558-1409,58:22.0,-14:09:59.0000
1237,J1559+0304,59:31.0,+03:04:48.0000
1238,J1602+2646,02:39.6,+26:46:06.0000
1239,J1602+3326,02:07.3,+33:26:53.0000
1240,J1603+1105,03:41.9,+11:05:48.0000
1241,J1603+1554,03:38.1,+15:54:02.0000
1242,J1603+5730,03:55.9,+57:30:54.0000
1243,J1603-1007,03:18.8,-10:07:21.0000
1244,J1604+5714,04:37.4,+57:14:35.9900
1245,J1605+3001,05:33.0,+30:01:29.0000
1246,J1605-1139,05:18.2,-11:39:50.0000
1247,J1606+2717,06:58.3,+27:17:05.0000
1248,J1606+3124,06:08.5,+31:24:46.0000
1249,J1608+1029,08:46.2,+10:29:07.0000
1250,J1610+2414,10:42.0,+24:14:49.0000
1251,J1611+1856,11:49.0,+18:56:38.0000
1252,J1613+3412,13:41.1,+34:12:47.0000
1253,J1613+4223,13:04.8,+42:23:18.0100
1254,J1616+0459,16:37.6,+04:59:32.0000
1255,J1616+4632,16:03.8,+46:32:25.1980
1256,J1617+0246,17:49.9,+02:46:43.0000
1257,J1617-1122,17:06.0,-11:22:38.0000
1258,J1617-1941,17:27.1,-19:41:31.9900
1259,J1618+0819,18:26.9,+08:19:50.0000
1260,J1619+2247,19:14.8,+22:47:47.0000
1261,J1619-1817,19:16.7,-18:17:21.0000
1262,J1620+4901,20:31.2,+49:01:52.9900
1263,J1622-1942,22:22.9,-19:42:44.4010
1264,J1623+0741,23:58.2,+07:41:30.0000
1265,J1623+3909,23:07.6,+39:09:32.0000
1266,J1623+6624,23:04.5,+66:24:00.9900
1267,J1624+2748,24:35.7,+27:48:57.0000
1268,J1624+5652,24:32.2,+56:52:27.9900
1269,J1624+5741,24:24.8,+57:41:16.0000
1270,J1625+4134,25:57.7,+41:34:40.0000
1271,J1628-1415,28:46.6,-14:15:42.0000
1272,J1630+0701,30:41.8,+07:01:09.0000
1273,J1630+5221,30:43.2,+52:21:38.5980
1274,J1631+4927,31:16.5,+49:27:39.0000
1275,J1632+8232,32:32.0,+82:32:16.0100
1276,J1635+3808,35:15.5,+38:08:04.0000
1277,J1636+2112,36:38.2,+21:12:55.0000
1278,J1637+4717,37:45.1,+47:17:33.0000
1279,J1638+5720,38:13.5,+57:20:24.0000
1280,J1639+1632,39:42.1,+16:32:21.0000
1281,J1639+5357,39:39.8,+53:57:47.0000
1282,J1640+1144,40:58.9,+11:44:04.2000
1283,J1640+3946,40:29.6,+39:46:46.0000
1284,J1640-0011,40:10.6,-00:11:47.0000
1285,J1641+2257,41:25.2,+22:57:04.0100
1286,J1642+3948,42:58.8,+39:48:36.9900
1287,J1642+6856,42:07.9,+68:56:39.0100
1288,J1642-0621,42:02.2,-06:21:23.0000
1289,J1644+2619,44:42.5,+26:19:13.3100
1290,J1644-0743,44:52.1,-07:43:43.0000
1291,J1644-1804,44:35.7,-18:04:32.0000
1292,J1646+4059,46:56.9,+40:59:17.0000
1293,J1647+4950,47:34.9,+49:50:00.0000
1294,J1648+2224,48:01.5,+22:24:33.0000
1295,J1649+0412,49:27.7,+04:12:04.0000
1296,J1650+0824,50:37.6,+08:24:52.0000
1297,J1651+0129,51:03.7,+01:29:23.0000
1298,J1652+0618,52:01.4,+06:18:55.0000
1299,J1652+3902,52:58.5,+39:02:49.0000
1300,J1653+3107,53:29.9,+31:07:56.0000
1301,J1653+3945,53:52.2,+39:45:35.9900
1302,J1653-1551,53:34.2,-15:51:29.0000
1303,J1655+4233,55:18.8,+42:33:39.0000
1304,J1656+1826,56:34.1,+18:26:26.0000
1305,J1656+6012,56:48.3,+60:12:16.4960
1306,J1657+4808,57:46.9,+48:08:33.0100
1307,J1658+0515,58:33.5,+05:15:16.0000
1308,J1658+3443,58:01.4,+34:43:28.0000
1309,J1658+4737,58:02.8,+47:37:48.9900
1310,J1658-0739,58:44.1,-07:39:17.0000
1311,J1700+6830,00:09.3,+68:30:07.0000
1312,J1701+3954,01:24.6,+39:54:37.0000
1313,J1701-1903,01:26.9,-19:03:31.0000
1314,J1702+1502,02:21.7,+15:02:06.0000
1315,J1706+0953,06:36.7,+09:53:59.6000
1316,J1707+0148,07:34.4,+01:48:45.0000
1317,J1707+1122,07:32.5,+11:22:00.0000
1318,J1707+1331,07:45.6,+13:31:05.0000
1319,J1707-1415,07:20.4,-14:15:23.0000
1320,J1709+4318,09:41.1,+43:18:44.0000
1321,J1709-1728,09:34.4,-17:28:53.0000
1322,J1712+6053,12:12.4,+60:53:28.0100
1323,J1712-1820,12:31.7,-18:20:02.0000
1324,J1713+4916,13:35.1,+49:16:32.0000
1325,J1716+2152,16:11.2,+21:52:13.0000
1326,J1716+6836,16:13.9,+68:36:38.0100
1327,J1716-0452,16:26.5,-04:52:11.0000
1328,J1719+0817,19:52.2,+08:17:03.0000
1329,J1719+1745,19:13.1,+17:45:06.0000
1330,J1719+4804,19:38.3,+48:04:12.0000
1331,J1719+4858,19:14.5,+48:58:49.0000
1332,J1719-1420,19:02.0,-14:20:19.0000
1333,J1721+3542,21:09.5,+35:42:16.0000
1334,J1722+1013,22:44.6,+10:13:35.8000
1335,J1722+2815,22:42.2,+28:15:00.0000
1336,J1722+5654,22:06.0,+56:54:51.6800
1337,J1722+5856,22:36.7,+58:56:22.0000
1338,J1722+6105,22:40.1,+61:05:58.9900
1339,J1724+1648,24:21.4,+16:48:19.0000
1340,J1724+3303,24:14.2,+33:03:03.9900
1341,J1724-1443,24:47.0,-14:43:59.0000
1342,J1725+1152,25:04.3,+11:52:15.0000
1343,J1725+3026,25:17.5,+30:26:39.9900
1344,J1725-0453,25:25.8,-04:53:35.8000
1345,J1726+2717,26:53.4,+27:17:16.0000
1346,J1726+3213,26:35.1,+32:13:23.0000
1347,J1727+4530,27:27.7,+45:30:39.0000
1348,J1727+5510,27:23.5,+55:10:53.0000
1349,J1728+0427,28:25.0,+04:27:04.0000
1350,J1728+1215,28:07.1,+12:15:39.0000
1351,J1728+5013,28:18.6,+50:13:10.0000
1352,J1733-0456,33:33.0,-04:56:02.0000
1353,J1733-1304,33:02.7,-13:04:49.0000
1354,J1734+3857,34:20.6,+38:57:51.0100
1355,J1735+3616,35:48.1,+36:16:45.0000
1356,J1735+5049,35:49.0,+50:49:11.0000
1357,J1735-1117,35:27.2,-11:17:34.4990
1358,J1736+0631,36:28.6,+06:31:47.0000
1359,J1738+3224,38:40.5,+32:24:09.0000
1360,J1738+4008,38:19.1,+40:08:18.0100
1361,J1739+3358,39:35.4,+33:58:08.0100
1362,J1739+4737,39:57.1,+47:37:57.9900
1363,J1739+4955,39:27.4,+49:55:03.0000
1364,J1740+2211,40:05.9,+22:11:01.0000
1365,J1740+4348,40:49.0,+43:48:16.0000
1366,J1740+4506,40:06.4,+45:06:50.0000
1367,J1740+5211,40:37.0,+52:11:43.0000
1368,J1740-0811,40:01.6,-08:11:14.0000
1369,J1741+4751,41:34.8,+47:51:31.9900
1370,J1742+5945,42:32.0,+59:45:06.7020
1371,J1743+3747,43:47.6,+37:47:52.9900
1372,J1743-0350,43:58.9,-03:50:04.0000
1373,J1745+1720,45:35.2,+17:20:01.0000
1374,J1745+2252,45:04.7,+22:52:48.0000
1375,J1745-0753,45:27.1,-07:53:03.0000
1376,J1747+4658,47:26.6,+46:58:50.0000
1377,J1748+3404,48:05.8,+34:04:01.0000
1378,J1748+7005,48:32.8,+70:05:50.0000
1379,J1749+4321,49:00.4,+43:21:51.0000
1380,J1751+0939,51:32.8,+09:39:00.0000
1381,J1752+1734,52:46.0,+17:34:20.0100
1382,J1753+2848,53:42.5,+28:48:04.0000
1383,J1753+4409,53:22.7,+44:09:45.0100
1384,J1753.5-0127,53:28.3,-01:27:06.2000
1385,J1754+6452,54:07.6,+64:52:02.0100
1386,J1756+1535,56:53.1,+15:35:20.0000
1387,J1756+1553,56:33.7,+15:53:43.0000
1388,J1756+3046,56:49.2,+30:46:47.0000
1389,J1757+5523,57:28.3,+55:23:11.8990
1390,J1759+2343,59:00.4,+23:43:47.0000
1391,J1800+3848,00:24.8,+38:48:30.0000
1392,J1800+7828,00:45.7,+78:28:04.0100
1393,J1801+4404,01:32.3,+44:04:20.9900
1394,J1803+0934,03:33.6,+09:34:25.0000
1395,J1804+0042,04:08.9,+00:42:22.0000
1396,J1804+0101,04:16.0,+01:01:32.0000
1397,J1805+1714,05:47.4,+17:14:55.0000
1398,J1806+6949,06:50.7,+69:49:27.9800
1399,J1807+2204,07:38.8,+22:04:56.0100
1400,J1808+4542,08:21.9,+45:42:20.0000
1401,J1809+1849,09:45.3,+18:49:03.0000
1402,J1809+2910,09:45.4,+29:10:19.8970
1403,J1811+1704,11:43.2,+17:04:57.0000
1404,J1813+0615,13:33.4,+06:15:42.0000
1405,J1813+2952,13:37.3,+29:52:37.0000
1406,J1813+3144,13:35.2,+31:44:17.6000
1407,J1815+1623,15:14.9,+16:23:46.0000
1408,J1816+5307,16:57.1,+53:07:43.9900
1409,J1818+0903,18:40.1,+09:03:46.2020
1410,J1818+5017,18:30.5,+50:17:19.0000
1411,J1823+7938,23:14.1,+79:38:48.9900
1412,J1824+1044,24:02.9,+10:44:23.0000
1413,J1824+5651,24:07.1,+56:51:01.0000
1414,J1827+2658,27:55.4,+26:58:05.0000
1415,J1832+1357,32:43.5,+13:57:44.0000
1416,J1835+2506,35:58.4,+25:06:45.0000
1417,J1835+3241,35:03.4,+32:41:46.0100
1418,J1835+6119,35:19.7,+61:19:40.0000
1419,J1840+2457,40:03.4,+24:57:41.0000
1420,J1840+3900,40:57.2,+39:00:45.0000
1421,J1842+6809,42:33.6,+68:09:25.0000
1422,J1846+3747,46:31.9,+37:47:17.0000
1423,J1848+3219,48:22.1,+32:19:02.0000
1424,J1849+3024,49:20.1,+30:24:14.0000
1425,J1849+6705,49:16.1,+67:05:41.0200
1426,J1850+2825,50:27.6,+28:25:13.0000
1427,J1852+4019,52:30.4,+40:19:06.0000
1428,J1852+4855,52:28.5,+48:55:47.0000
1429,J1854+7351,54:57.3,+73:51:19.0000
1430,J1855+3742,55:27.7,+37:42:57.0100
1431,J1900+2701,00:48.5,+27:01:57.0000
1432,J1900+2722,00:34.7,+27:22:30.0000
1433,J1909+4833,09:46.5,+48:34:31.9000
1434,J1912+3740,12:25.1,+37:40:36.0000
1435,J1916-1519,16:52.5,-15:18:59.9900
1436,J1917-1921,17:44.8,-19:21:31.0000
1437,J1918+4937,18:45.6,+49:37:56.0000
1438,J1918+5520,18:10.7,+55:20:37.9900
1439,J1921-1231,21:23.9,-12:31:54.3990
1440,J1921-1607,21:51.5,-16:07:12.6000
1441,J1923+3941,23:48.7,+39:41:06.0000
1442,J1923+4754,23:27.2,+47:54:17.0000
1443,J1927+6117,27:30.5,+61:17:32.0000
1444,J1927+7358,27:48.5,+73:58:00.9900
1445,J1933+6540,33:57.3,+65:40:16.0000
1446,J1934+6138,34:40.7,+61:38:41.0100
1447,J1935+8130,35:22.7,+81:30:14.0100
1448,J1936+7131,36:03.6,+71:31:31.0200
1449,J1936-0402,36:53.7,-04:02:45.0000
1450,J1938-1749,38:05.0,-17:49:20.0100
1451,J1939-1002,39:57.3,-10:02:41.0000
1452,J1939-1525,39:26.7,-15:25:43.0000
1453,J1941+7221,41:27.0,+72:21:42.2090
1454,J1941-0211,41:18.9,-02:11:45.0000
1455,J1947-0103,47:43.8,-01:03:24.0000
1456,J1949+5041,49:43.5,+50:41:32.0000
1457,J1949-1957,49:53.4,-19:57:13.0000
1458,J1951+0134,51:36.0,+01:34:42.0000
1459,J1951-0509,51:47.5,-05:09:44.0000
1460,J1954+6153,54:56.0,+61:53:58.0000
1461,J1954-1123,54:41.1,-11:23:22.0000
1462,J1955+0618,55:55.3,+06:18:12.0000
1463,J1955+5131,55:42.7,+51:31:48.0000
1464,J1959+6508,59:59.8,+65:08:53.9900
1465,J2000-1325,00:42.1,-13:25:33.0000
1466,J2000-1748,00:57.1,-17:48:57.0000
1467,J2001+4352,01:12.7,+43:52:51.6000
1468,J2003-0421,03:25.0,-04:21:38.0000
1469,J2004+7355,04:17.1,+73:55:05.9800
1470,J2005+7752,05:31.0,+77:52:43.0200
1471,J2006+6424,06:17.7,+64:24:44.9900
1472,J2007+0636,07:11.9,+06:36:44.0000
1473,J2007+6607,07:28.8,+66:07:22.0100
1474,J2009+0727,09:55.5,+07:27:13.0000
1475,J2009+7229,09:52.3,+72:29:18.9900
1476,J2010+6116,10:49.3,+61:16:15.0000
1477,J2011-1546,11:15.7,-15:46:40.0000
1478,J2015+6554,15:55.4,+65:54:52.0000
1479,J2015-0137,15:15.2,-01:37:32.5000
1480,J2015-1252,15:13.7,-12:52:57.0000
1481,J2016+1632,16:13.9,+16:32:34.0000
1482,J2018-0509,18:57.8,-05:09:29.0000
1483,J2018-1109,18:28.0,-11:09:55.0000
1484,J2020+6747,20:18.9,+67:47:05.9900
1485,J2021+0515,21:35.3,+05:15:04.0000
1486,J2022+6136,22:06.7,+61:36:57.9900
1487,J2022+7611,22:35.6,+76:11:26.0100
1488,J2023-0123,23:32.8,-01:23:42.0000
1489,J2023-1139,23:36.7,-11:39:58.3020
1490,J2024+1718,24:56.6,+17:18:13.0000
1491,J2025+0316,25:09.6,+03:16:44.0000
1492,J2027-0831,27:52.6,-08:31:56.0000
1493,J2030-0503,30:22.4,-05:03:12.0000
1494,J2030-0622,30:15.1,-06:22:15.0000
1495,J2031+0239,31:47.2,+02:39:37.0000
1496,J2031+1219,31:55.0,+12:19:41.0000
1497,J2033+2146,33:32.0,+21:46:22.0000
1498,J2035+1056,35:22.3,+10:56:06.8010
1499,J2036-0629,36:40.7,-06:29:03.0000
1500,J2037-1522,37:27.9,-15:22:00.0000
1501,J2039-1046,39:00.7,-10:46:41.9020
1502,J2042+7508,42:37.3,+75:08:02.0000
1503,J2043+1255,43:10.2,+12:55:13.0000
1504,J2045-1858,45:23.7,-18:58:53.0000
1505,J2049+1003,49:45.9,+10:03:14.0000
1506,J2050+0407,50:06.2,+04:07:48.0000
1507,J2051+1743,51:35.6,+17:43:36.0000
1508,J2101+0341,01:38.8,+03:41:31.0000
1509,J2102+6758,02:43.8,+67:58:19.0100
1510,J2106+0231,06:28.2,+02:31:37.0000
1511,J2106+2135,06:10.8,+21:35:36.0000
1512,J2108+1430,08:41.0,+14:30:27.0000
1513,J2110+0809,10:09.7,+08:09:55.4010
1514,J2110-1020,10:01.0,-10:20:57.0000
1515,J2114+1714,14:40.6,+17:14:22.0000
1516,J2114+2832,14:58.3,+28:32:57.0000
1517,J2115+2933,15:29.4,+29:33:38.0000
1518,J2115-1416,15:18.4,-14:16:43.0000
1519,J2117+0503,17:20.8,+05:03:04.0000
1520,J2118+0013,18:17.4,+00:13:16.8000
1521,J2118-0636,18:43.2,-06:36:18.0000
1522,J2120+0533,20:41.2,+05:33:45.0000
1523,J2123+0535,23:44.5,+05:35:22.0000
1524,J2124-1941,24:44.6,-19:41:42.9900
1525,J2125+0441,25:29.3,+04:41:35.0000
1526,J2128-0244,28:22.2,-02:44:32.0000
1527,J2129-1538,29:12.2,-15:38:41.0000
1528,J2130-0927,30:19.1,-09:27:37.0000
1529,J2131-1207,31:35.3,-12:07:04.0000
1530,J2133+1443,33:37.4,+14:43:46.0000
1531,J2134-0153,34:10.3,-01:53:17.0000
1532,J2136+0041,36:38.6,+00:41:54.0000
1533,J2139+0122,39:42.5,+01:22:27.0000
1534,J2139+1423,39:01.3,+14:23:36.0000
1535,J2142-0437,42:36.9,-04:37:43.0000
1536,J2143+1743,43:35.5,+17:43:48.0100
1537,J2145+1115,45:18.8,+11:15:27.0000
1538,J2146-1525,46:23.0,-15:25:43.0000
1539,J2147+0929,47:10.2,+09:29:46.0000
1540,J2148+0211,48:39.9,+02:11:26.0000
1541,J2148+0657,48:05.5,+06:57:38.0000
1542,J2148-1723,48:36.8,-17:23:44.0000
1543,J2149+0322,49:41.9,+03:22:51.4000
1544,J2151+0552,51:37.9,+05:52:13.0000
1545,J2151+0709,51:31.4,+07:09:26.0000
1546,J2152+1734,52:24.8,+17:34:37.0100
1547,J2153-1136,53:50.2,-11:36:14.0000
1548,J2156-0037,56:14.8,-00:37:04.0000
1549,J2157+3127,57:28.8,+31:27:01.0100
1550,J2158-1501,58:06.3,-15:01:09.0000
1551,J2200+0234,00:49.4,+02:34:30.0000
1552,J2200+2137,00:14.2,+21:37:57.0000
1553,J2200-1309,00:16.4,-13:09:05.3990
1554,J2203+1007,03:30.9,+10:07:42.0000
1555,J2203+1725,03:26.9,+17:25:48.0000
1556,J2203+3145,03:15.0,+31:45:38.0000
1557,J2204+0440,04:17.7,+04:40:01.9990
1558,J2204+3632,04:21.1,+36:32:36.9900
1559,J2206-0031,06:43.3,-00:31:02.0000
1560,J2207+1652,07:52.9,+16:52:17.0000
1561,J2210+2013,10:51.7,+20:13:24.0000
1562,J2211+1841,11:53.9,+18:41:49.0000
1563,J2212+2355,12:06.0,+23:55:39.9900
1564,J2212+2843,12:10.3,+28:43:00.0000
1565,J2214+0711,14:08.9,+07:11:42.4010
1566,J2214+3739,14:05.7,+37:39:09.0000
1567,J2216+3102,16:42.7,+31:02:35.0000
1568,J2216+3518,16:20.0,+35:18:13.9900
1569,J2217+2421,17:00.8,+24:21:46.0000
1570,J2218+1520,18:10.9,+15:20:35.0000
1571,J2218-0335,18:52.0,-03:35:36.0000
1572,J2219+1806,19:14.1,+18:06:35.0000
1573,J2219+2613,19:49.7,+26:13:28.0000
1574,J2225+2118,25:38.0,+21:18:06.0000
1575,J2226+0052,26:46.5,+00:52:11.0000
1576,J2228+2503,28:01.6,+25:03:03.0000
1577,J2229-0832,29:40.1,-08:32:54.0000
1578,J2230+6946,30:36.5,+69:46:28.0000
1579,J2230-1325,30:15.3,-13:25:42.0000
1580,J2235-1826,35:56.1,-18:26:09.0000
1581,J2236+2828,36:22.5,+28:28:57.0000
1582,J2236+7322,36:38.6,+73:22:52.0000
1583,J2236-1433,36:34.1,-14:33:22.0000
1584,J2238+0724,38:10.4,+07:24:14.0000
1585,J2238+2749,38:12.9,+27:49:52.0000
1586,J2241+0953,41:49.7,+09:53:52.0000
1587,J2241+4120,41:07.2,+41:20:11.0000
1588,J2242+4114,42:30.6,+41:14:45.5940
1589,J2244+2600,44:35.1,+26:00:20.0000
1590,J2244+4057,44:12.7,+40:57:13.5980
1591,J2245+0324,45:28.3,+03:24:08.0000
1592,J2245+0500,45:53.6,+05:00:57.0000
1593,J2246-1206,46:18.2,-12:06:51.0000
1594,J2247+0310,47:58.7,+03:10:42.0000
1595,J2247-1237,47:52.6,-12:37:19.0000
1596,J2249+2107,49:00.6,+21:07:02.0000
1597,J2250+3824,50:05.8,+38:24:37.1940
1598,J2251+4030,51:59.8,+40:30:58.2000
1599,J2253+1608,53:57.7,+16:08:53.0000
1600,J2253+1942,53:07.4,+19:42:34.0100
1601,J2257+0243,57:17.6,+02:43:17.0000
1602,J2259-0811,59:00.7,-08:11:03.0000
1603,J2300+1655,00:43.0,+16:55:14.0000
1604,J2301-0158,01:08.0,-01:58:04.0000
1605,J2303+3853,03:04.1,+38:53:48.0000
1606,J2305+8242,05:17.5,+82:42:48.9900
1607,J2307+1450,07:34.0,+14:50:18.0000
1608,J2307+3230,07:15.9,+32:30:31.0000
1609,J2308+2008,08:11.6,+20:08:42.0000
1610,J2310+1055,10:28.5,+10:55:30.0000
1611,J2311+4543,11:47.4,+45:43:56.0000
1612,J2321+2732,21:59.9,+27:32:46.4020
1613,J2321+3204,21:54.9,+32:04:07.6040
1614,J2322+1843,22:28.6,+18:43:24.0000
1615,J2322+4445,22:20.4,+44:45:42.0000
1616,J2323-0317,23:31.9,-03:17:05.0000
1617,J2327+0940,27:33.6,+09:40:09.0000
1618,J2327+1524,27:22.0,+15:24:37.0000
1619,J2327+1533,27:36.0,+15:33:09.0000
1620,J2329+0834,29:05.8,+08:34:15.0000
1621,J2330+1100,30:40.8,+11:00:18.0000
1622,J2330+3348,30:13.7,+33:48:35.9900
1623,J2331-1556,31:38.7,-15:56:57.0000
1624,J2334+0736,34:12.8,+07:36:27.0000
1625,J2335-0131,35:20.4,-01:31:09.0000
1626,J2336-1451,36:57.7,-14:51:21.0000
1627,J2337+2617,37:30.1,+26:17:47.0000
1628,J2337-0230,37:57.3,-02:30:57.0000
1629,J2339-1206,39:47.0,-12:06:45.0000
1630,J2340+2641,40:29.0,+26:41:56.0000
1631,J2343+1543,43:42.8,+15:43:03.0000
1632,J2343+2339,43:12.4,+23:39:45.0000
1633,J2345-1555,45:12.5,-15:55:07.0000
1634,J2346+0930,46:36.8,+09:30:45.0000
1635,J2346+8007,46:25.6,+80:07:54.9900
1636,J2348-0425,48:11.8,-04:25:56.0000
1637,J2348-1631,48:02.6,-16:31:12.0000
1638,J2350+1106,50:02.0,+11:06:36.0000
1639,J2352+3947,52:48.9,+39:47:56.0000
1640,J2354-1513,54:30.2,-15:13:11.0000
1641,J2357-0152,57:25.1,-01:52:15.0000
1642,J2357-1125,57:31.2,-11:25:39.0000
1643,J2358+0430,58:28.9,+04:30:24.8000
1644,J2358+1955,58:46.1,+19:55:20.0000
1645,J2358-1020,58:10.9,-10:20:08.0000
